date,category,feedback
2026-01-05,Electronics,"The sound quality is excellent and I am very happy."
2026-01-07,Electronics,"Battery backup is very poor and disappointing."
2026-01-10,Fashion,"The product quality is good and delivery was fast."
2026-01-12,Electronics,"The headphones are comfortable and the sound is amazing."
2026-01-15,Fashion,"The size is not correct and the material is disappointing."
2026-01-18,Home,"The product is useful and easy to use."
2026-01-20,Electronics,"The battery performance is excellent."
2026-01-23,Home,"The delivery was late but the product quality is good."
2026-01-25,Fashion,"The design is beautiful and the quality is excellent."
2026-01-28,Electronics,"The device gets heated quickly and I am disappointed."